first_name,last_name,sex,mobile,dob,email,partner_included,partner_first,partner_last,department,doctor,date,time_slot,reason,summary,created_at
Sa,,,8087700343,,08@gmail.com,False,,,Expert Consultation,Fertility Specialist,,,Expert callback requested - Phone Call,Expert callback: Sa - 8087700343,2025-10-23T20:35:39.514799
Sag,,,8766842134,,sa2008@gmail.com,False,,,Expert Consultation,Fertility Specialist,,,Expert callback requested - Phone Call,Expert callback: Sag - 8766842134,2025-10-23T20:45:31.911679
sa,sss,Male,9098899834,10/09/1987,sdsd@gmail.com,True,Saguusdas,Pilsdasdafd,Fertility / IVF,Dr. Rhea Thomas,10/25/2025,3:00 PM,sadsdasd sdasdassd,Appointment booked via Vidai Clinic chatbot,2025-10-23T21:16:29.265441
Sandra,,,8766842138,,08@hotmail.com,False,,,Expert Consultation,Fertility Specialist,,,Expert callback requested - Video Consultation,Expert callback: Sandra - 8766842138,2025-10-23T21:17:43.012379
sasd,sds,Male,3435345454,10/27/1987,dasds77@gmail.com,False,,,Genetic Counseling,Dr. Anil Desai,10/25/2025,3:30 PM,dsfsdfsd f df,Appointment booked via Vidai Clinic chatbot,2025-10-23T21:20:46.061145
